City_ID,City,Lat,Lng,Max Temp,Humidity,Cloudiness,Wind Speed,Country,Date
0,hermanus,-34.4187,19.2345,289.97,66,57,3.82,ZA,1698215514
1,ust-nera,64.5667,143.2,252.38,100,54,0.99,RU,1698215515
2,adamstown,-25.066,-130.1015,295.62,82,0,4.23,PN,1698215515
3,birmitrapur,22.4,84.7667,303.06,50,21,1.57,IN,1698215516
4,tura,25.5198,90.2201,300.21,72,16,1.0,IN,1698215291
5,songea,-10.6833,35.65,300.81,41,99,3.54,TZ,1698215516
6,muynoq,43.7683,59.0214,291.5,53,100,4.39,UZ,1698215517
7,puerto natales,-51.7236,-72.4875,277.95,76,33,3.52,CL,1698215517
8,port-aux-francais,-49.35,70.2167,277.5,89,100,13.77,TF,1698215248
9,luderitz,-26.6481,15.1594,293.07,52,0,5.32,NA,1698215344
10,kingston,17.997,-76.7936,300.68,91,20,3.09,JM,1698215518
11,longyearbyen,78.2186,15.6401,269.06,86,75,3.09,SJ,1698215518
12,bredasdorp,-34.5322,20.0403,290.6,61,10,2.87,ZA,1698215519
13,nguigmi,14.2495,13.1092,300.71,22,26,6.65,NE,1698215519
14,gizo,-8.103,156.8419,301.13,78,100,2.81,SB,1698215519
15,hamilton,39.1834,-84.5333,291.91,69,75,3.6,US,1698215408
16,shingu,33.7333,135.9833,292.01,81,0,0.14,JP,1698215520
17,ushuaia,-54.8,-68.3,277.96,60,20,1.03,AR,1698215264
18,wailua homesteads,22.0669,-159.378,296.59,80,40,2.57,US,1698215521
19,at-bashi,41.1702,75.8106,285.7,34,0,0.85,KG,1698215521
20,greeneville,36.1632,-82.831,285.65,96,39,1.69,US,1698215522
21,albany,42.6001,-73.9662,283.09,86,1,1.32,US,1698215401
22,merizo village,13.2658,144.6691,303.7,88,34,2.36,GU,1698215523
23,blackwater,-23.5833,148.8833,309.09,21,4,1.68,AU,1698215523
24,keflavik,64.0049,-22.5624,279.39,81,100,5.14,IS,1698215524
25,west island,-12.1568,96.8225,302.14,70,69,5.14,CC,1698215254
26,saint-denis,48.9167,2.3333,287.08,94,100,6.69,FR,1698215524
27,malpe,13.35,74.7167,304.76,52,0,2.13,IN,1698215525
28,chulakkurgan,43.765,69.1814,291.07,44,100,7.78,KZ,1698215525
29,san patricio,28.017,-97.5169,300.28,81,10,6.73,US,1698215525
30,invercargill,-46.4,168.35,291.49,55,100,6.71,NZ,1698215487
31,edinburgh of the seven seas,-37.0676,-12.3116,284.12,70,81,10.25,SH,1698215526
32,whitehorse,60.7161,-135.0538,266.58,62,75,1.54,CA,1698215323
33,nuriootpa,-34.4833,139.0,286.69,32,66,8.83,AU,1698215527
34,la ronge,55.1001,-105.2842,267.27,79,40,2.57,CA,1698215527
35,turpan,42.9333,89.1667,294.26,27,5,1.59,CN,1698215307
36,alta,69.9689,23.2717,269.74,81,20,5.14,NO,1698215528
37,vydrino,51.485,104.8461,278.52,54,61,4.53,RU,1698215528
38,waitangi,-43.9535,-176.5597,285.83,96,100,2.68,NZ,1698215528
39,carnarvon,-24.8667,113.6333,298.06,54,0,6.75,AU,1698215305
40,enniscorthy,52.5008,-6.5578,281.75,100,52,1.46,IE,1698215529
41,petropavlovsk-kamchatsky,53.0452,158.6483,278.4,58,75,3.0,RU,1698215287
42,tamanrasset,22.785,5.5228,292.1,22,0,3.09,DZ,1698215530
43,taoudenni,22.6783,-3.9836,302.36,24,90,4.22,ML,1698215530
44,kapa'a,22.0752,-159.319,297.33,80,40,2.57,US,1698215531
45,vilyuysk,63.7553,121.6247,268.71,95,100,2.24,RU,1698215531
46,laojunmiao,39.8333,97.7333,285.63,20,6,2.97,CN,1698215531
47,isangel,-19.55,169.2667,299.21,78,100,10.29,VU,1698215532
48,lihue,21.9789,-159.3672,296.92,80,40,2.57,US,1698215532
49,puerto ayora,-0.7393,-90.3518,296.23,98,100,2.68,EC,1698215533
50,la passe,45.5549,-0.8967,289.25,88,23,10.86,FR,1698215533
51,hermitage,41.2334,-80.4487,291.82,51,100,3.09,US,1698215533
52,margaret river,-33.95,115.0667,297.71,37,13,5.34,AU,1698215256
53,port elizabeth,-33.918,25.5701,292.77,61,0,3.6,ZA,1698215392
54,akune,32.0167,130.2,294.04,56,0,3.18,JP,1698215534
55,blackmans bay,-43.0167,147.3167,281.89,69,96,1.34,AU,1698215243
56,nova vicosa,-17.8919,-39.3719,296.47,81,50,6.17,BR,1698215535
57,alice springs,-23.7,133.8833,298.9,19,71,7.72,AU,1698215290
58,port mathurin,-19.6833,63.4167,298.02,79,10,6.61,MU,1698215536
59,berdigestyakh,62.0989,126.6992,269.34,91,100,2.2,RU,1698215536
60,klaksvik,62.2266,-6.589,282.66,92,91,7.95,FO,1698215537
61,hadibu,12.65,54.0333,301.51,75,55,6.39,YE,1698215537
62,sansanne-mango,10.3592,0.4708,298.77,77,75,2.27,TG,1698215537
63,grytviken,-54.2811,-36.5092,274.7,87,95,5.31,GS,1698215538
64,port lincoln,-34.7333,135.8667,286.41,46,45,9.76,AU,1698215290
65,isafjordur,66.0755,-23.124,275.82,83,100,1.79,IS,1698215244
66,amursk,50.2261,136.8994,279.81,61,21,1.53,RU,1698215539
67,praya,14.9215,-23.5087,299.45,78,40,6.17,CV,1698215539
68,east london,-33.0153,27.9116,292.67,52,0,6.17,ZA,1698215413
69,salekhard,66.53,66.6019,266.73,93,96,5.96,RU,1698215540
70,kununurra,-15.7667,128.7333,313.14,21,30,1.54,AU,1698215540
71,talnakh,69.4865,88.3972,266.26,94,100,1.47,RU,1698215540
72,asino,56.9979,86.1452,275.45,97,100,6.8,RU,1698215541
73,la'ie,21.6477,-157.9253,299.13,75,4,1.19,US,1698215541
74,fort bragg,35.139,-79.006,283.04,93,0,0.0,US,1698215541
75,ra-ngae,6.2968,101.7284,305.37,57,96,2.77,TH,1698215542
76,labasa,-16.4167,179.3833,297.42,81,100,4.51,FJ,1698215542
77,remire-montjoly,4.9167,-52.2667,298.17,94,40,0.0,GF,1698215543
78,sandnessjoen,66.0217,12.6316,276.21,87,75,1.54,NO,1698215543
79,bairnsdale,-37.8333,147.6167,285.96,59,100,2.68,AU,1698215543
80,kafanchan,9.5833,8.3,295.79,56,100,0.71,NG,1698215544
81,jamestown,42.097,-79.2353,292.92,57,0,4.63,US,1698215254
82,sant lluis,39.8526,4.2594,292.37,63,20,4.63,ES,1698215544
83,alto barinas,8.5931,-70.2261,295.98,95,98,1.88,VE,1698215545
84,queenstown,-31.8976,26.8753,289.52,49,0,0.22,ZA,1698215545
85,ribeira grande,38.5167,-28.7,294.69,88,75,9.26,PT,1698215545
86,hawaiian paradise park,19.5933,-154.9731,298.88,92,40,1.54,US,1698215546
87,prien,30.1819,-93.2738,296.27,95,75,3.6,US,1698215546
88,moyynkum,44.2914,72.9469,292.06,37,100,2.65,KZ,1698215546
89,prince rupert,54.3161,-130.3201,278.98,65,0,5.66,CA,1698215280
90,usogorsk,63.4106,48.6872,272.41,86,17,3.4,RU,1698215282
91,kourou,5.1552,-52.6478,298.18,82,100,3.91,GF,1698215547
92,happy valley-goose bay,53.3168,-60.3315,279.32,65,75,2.06,CA,1698215548
93,yellowknife,62.456,-114.3525,268.38,91,16,1.79,CA,1698215254
94,alfafar,39.4167,-0.3833,293.19,69,20,5.66,ES,1698215548
95,constantia,44.1833,28.65,290.76,78,100,7.41,RO,1698215265
96,bilibino,68.0546,166.4372,256.48,99,13,1.98,RU,1698215549
97,wajir,1.7471,40.0573,300.13,78,75,5.14,KE,1698215550
98,odzak,45.0111,18.3267,289.31,60,3,3.96,BA,1698215550
99,geraldton,-28.7667,114.6,299.38,50,0,10.29,AU,1698215484
100,bandipura,34.4167,74.65,292.33,30,0,1.75,IN,1698215551
101,tazacorte,28.629,-17.9293,293.69,64,40,4.12,ES,1698215551
102,mount gambier,-37.8333,140.7667,284.87,47,16,6.63,AU,1698215269
103,idri,27.5,13.2667,298.88,23,14,2.32,LY,1698215552
104,shady hollow,30.1649,-97.8622,297.36,90,75,6.17,US,1698215552
105,georgetown,5.4112,100.3354,304.12,70,40,4.63,MY,1698215552
106,aasiaat,68.7098,-52.8699,267.49,73,100,4.89,GL,1698215553
107,flying fish cove,-10.4217,105.6791,301.97,74,40,5.66,CX,1698215553
108,iqaluit,63.7506,-68.5145,273.0,69,100,0.0,CA,1698215268
109,brisas de zicatela,15.8369,-97.0419,298.88,88,100,2.48,MX,1698215554
110,bamboo flat,11.7,92.7167,303.2,74,75,2.06,IN,1698215554
111,olonkinbyen,70.9221,-8.7187,276.08,92,100,3.51,SJ,1698215555
112,santa cruz,-17.8,-63.1667,297.85,83,20,1.03,BO,1698215555
113,vilppula,62.0212,24.5048,270.25,78,84,2.27,FI,1698215555
114,thompson,55.7435,-97.8558,270.24,74,75,2.57,CA,1698215556
115,sault ste. marie,46.5168,-84.3333,287.46,100,100,1.54,CA,1698215556
116,rio verde de mato grosso,-18.9181,-54.8442,298.31,74,97,2.01,BR,1698215556
117,tiksi,71.6872,128.8694,253.96,99,20,3.85,RU,1698215557
118,kish,26.5578,54.0194,305.3,62,40,2.06,IR,1698215557
119,glace bay,46.1969,-59.957,279.97,94,20,4.12,CA,1698215557
120,veraval,20.9,70.3667,306.21,37,3,0.89,IN,1698215558
121,capitan bado,-23.2667,-55.5333,293.47,96,97,1.52,PY,1698215558
122,champerico,14.3,-91.9167,298.8,84,89,2.69,GT,1698215559
123,polyarnyy,69.1989,33.4478,271.39,94,98,2.17,RU,1698215559
124,anadyr,64.75,177.4833,276.43,100,75,7.0,RU,1698215559
125,kiunga,-6.1219,141.2906,304.31,47,11,1.89,PG,1698215559
126,bethel,41.3712,-73.414,285.32,82,0,0.0,US,1698215560
127,klyuchi,52.2667,79.1667,284.74,32,100,8.49,RU,1698215560
128,kavaratti,10.5669,72.642,302.11,67,12,3.19,IN,1698215560
129,avarua,-21.2078,-159.775,294.18,64,75,2.57,CK,1698215561
130,saint-joseph,-21.3667,55.6167,301.74,74,18,0.97,RE,1698215561
131,lompoc,34.6391,-120.4579,288.23,87,100,3.58,US,1698215313
132,blagoevgrad,42.0167,23.1,293.8,51,100,1.38,BG,1698215562
133,kudahuvadhoo,2.6708,72.8944,301.29,77,97,5.58,MV,1698215562
134,riyadh,24.6877,46.7219,301.23,32,0,5.98,SA,1698215402
135,flin flon,54.7682,-101.865,267.98,65,24,2.77,CA,1698215563
136,quellon,-43.1167,-73.6167,278.88,92,11,1.91,CL,1698215563
137,ilulissat,69.2167,-51.1,270.16,68,75,9.26,GL,1698215564
138,al kharijah,25.4514,30.5464,297.55,42,0,4.05,EG,1698215301
139,chibougamau,49.9168,-74.3659,279.94,100,100,1.54,CA,1698215354
140,kodiak,57.79,-152.4072,271.88,86,0,0.0,US,1698215334
141,altamont,42.2068,-121.7372,281.06,61,100,5.66,US,1698215565
142,enewetak,11.3474,162.3373,302.04,77,86,6.6,MH,1698215565
143,chonchi,-42.6128,-73.8092,279.33,97,19,1.28,CL,1698215566
144,mejit,10.2753,170.8646,301.16,79,34,5.48,MH,1698215566
145,byerazino,53.8391,28.9879,279.83,85,100,5.49,BY,1698215566
146,kimbe,-5.5502,150.1429,300.61,82,100,2.15,PG,1698215567
147,fale old settlement,-9.3852,-171.2468,301.9,77,19,7.48,TK,1698215567
148,udachny,66.4167,112.4,268.4,73,49,6.84,RU,1698215278
149,lospalos,-8.5186,127.0025,303.42,34,1,3.77,TL,1698215567
150,puerto deseado,-47.7503,-65.8938,283.74,52,12,4.96,AR,1698215568
151,walvis bay,-22.9575,14.5053,287.64,69,0,1.24,NA,1698215568
152,mount isa,-20.7333,139.5,311.02,10,0,5.66,AU,1698215568
153,alesund,62.4723,6.1549,280.56,92,0,3.09,NO,1698215569
154,grand gaube,-20.0064,57.6608,302.37,81,18,5.73,MU,1698215569
155,kerikeri,-35.2268,173.9474,293.1,79,99,2.57,NZ,1698215569
156,fuerte olimpo,-21.0415,-57.8738,298.82,60,8,1.28,PY,1698215570
157,praia da vitoria,38.7333,-27.0667,294.29,88,20,5.25,PT,1698215570
158,joroinen,62.1782,27.8317,268.7,74,17,1.14,FI,1698215570
159,pagar alam,-4.0167,103.2667,300.64,62,97,1.15,ID,1698215570
160,tsiombe,-25.3,45.4833,305.69,40,100,5.07,MG,1698215571
161,atafu village,-8.5421,-172.5159,302.45,73,8,6.5,TK,1698215274
162,belyy yar,53.6039,91.3903,280.09,61,0,5.0,RU,1698215572
163,talara,-4.5772,-81.2719,293.71,86,97,5.59,PE,1698215505
164,lisakovsk,52.5369,62.4936,281.46,93,100,7.95,KZ,1698215572
165,stanley,54.868,-1.6985,281.35,96,75,3.6,GB,1698215573
166,ginir,7.1333,40.7,291.6,76,97,2.57,ET,1698215573
167,hafar al-batin,28.4328,45.9708,299.47,36,40,6.17,SA,1698215573
168,sacramento,38.4666,-121.3177,290.9,81,0,3.6,US,1698215141
169,kasama,-10.2129,31.1808,302.97,31,100,3.64,ZM,1698215574
170,vadso,70.0744,29.7487,270.24,80,20,5.66,NO,1698215574
171,vorgashor,67.5833,63.95,260.09,94,10,2.43,RU,1698215575
172,qaqortoq,60.7167,-46.0333,273.11,52,1,2.77,GL,1698215575
173,lebu,-37.6167,-73.65,281.6,91,4,6.98,CL,1698215277
174,villupuram,11.9333,79.4833,305.12,43,44,0.6,IN,1698215576
175,yuzhno-kurilsk,44.0306,145.8556,286.69,69,6,3.29,RU,1698215576
176,malabar,-33.9667,151.25,296.65,67,75,6.17,AU,1698215576
177,moyale,3.5167,39.0584,298.61,60,74,5.23,KE,1698215577
178,college,64.8569,-147.8028,270.12,74,75,0.0,US,1698215577
179,gao,16.6362,1.637,300.27,14,6,4.47,ML,1698215577
180,sinop,41.7711,34.8709,288.39,65,30,3.4,TR,1698215332
181,tuy hoa,13.0833,109.3,302.08,75,76,3.26,VN,1698215578
182,gustavsberg,59.3268,18.3898,277.6,92,100,6.06,SE,1698215578
183,laguna,38.421,-121.4238,290.55,79,0,3.6,US,1698215579
184,coronel dorrego,-38.7187,-61.2873,277.89,77,0,3.39,AR,1698215579
185,al jawf,29.5,38.75,295.92,47,0,0.12,SA,1698215308
186,al bawiti,28.3492,28.8659,297.38,50,0,5.25,EG,1698215579
187,mao,39.8885,4.2658,292.46,63,20,4.63,ES,1698215308
188,pak phanang,8.3511,100.202,306.5,67,100,3.95,TH,1698215580
189,kalymnos,36.95,26.9833,295.89,73,0,1.54,GR,1698215580
190,sitka,57.0531,-135.33,275.09,55,0,2.57,US,1698215289
191,broken hill,-31.95,141.4333,291.79,21,4,10.48,AU,1698215418
192,tromso,69.6496,18.957,271.16,74,40,2.57,NO,1698215581
193,puerto baquerizo moreno,-0.9,-89.6,296.83,85,74,4.02,EC,1698215581
194,northam,51.0333,-4.2167,284.63,90,97,4.4,GB,1698215582
195,san juan,-31.5375,-68.5364,288.98,68,90,6.05,AR,1698215582
196,newman,37.3138,-121.0208,289.29,79,6,2.06,US,1698215582
197,heerlen,50.8837,5.9815,283.93,88,0,4.63,NL,1698215582
198,wanning,18.8003,110.3967,300.19,87,88,4.29,CN,1698215583
199,gorontalo,0.5412,123.0595,305.03,48,18,2.52,ID,1698215583
200,ghanzi,-21.5667,21.7833,302.84,8,0,7.51,BW,1698215583
201,papatowai,-46.5619,169.4708,290.82,53,100,3.58,NZ,1698215584
202,nova sintra,14.8667,-24.7167,297.46,72,1,6.86,CV,1698215584
203,kuqa,41.7278,82.9364,291.03,23,5,1.92,CN,1698215584
204,uturoa,-16.7333,-151.4333,300.09,74,76,5.78,PF,1698215585
205,saint-francois,46.4154,3.9054,286.86,68,0,5.66,FR,1698215585
206,kone,-21.0595,164.8658,296.64,82,92,3.15,NC,1698215311
207,mount pearl,47.5166,-52.7813,278.33,89,40,8.23,CA,1698215585
208,reggane,26.7158,0.1714,301.57,28,93,4.53,DZ,1698215586
209,coquimbo,-29.9533,-71.3436,285.0,93,75,2.06,CL,1698215584
210,ashland,40.8167,-82.2665,292.03,70,100,5.41,US,1698215587
211,miquelon,47.0975,-56.3814,283.08,69,59,9.15,PM,1698215587
212,shijiang,27.0819,110.7933,302.7,50,91,1.79,CN,1698215587
213,afaahiti,-17.75,-149.2833,298.08,82,72,6.37,PF,1698215588
214,butte,39.6499,-121.5677,292.16,68,0,3.6,US,1698215588
215,ghazni,33.5536,68.4269,288.1,27,0,1.9,AF,1698215588
216,tateyama,34.9833,139.8667,292.95,65,100,1.58,JP,1698215588
217,porangatu,-13.4408,-49.1486,298.66,56,98,0.31,BR,1698215589
218,farsan,32.2569,50.561,291.17,66,100,2.73,IR,1698215589
219,shalya,57.2471,58.7298,270.66,67,6,3.33,RU,1698215589
220,kismayo,-0.3582,42.5454,302.15,69,77,5.2,SO,1698215590
221,kirakira,-10.4544,161.9205,300.51,79,100,1.29,SB,1698215590
222,oriximina,-1.7656,-55.8661,298.13,75,20,1.3,BR,1698215590
223,linqiong,30.4159,103.4609,295.05,59,91,1.6,CN,1698215590
224,ketchikan,55.3422,-131.6461,279.14,60,0,4.63,US,1698215591
225,campanario,38.8644,-5.6174,288.78,87,87,4.38,ES,1698215591
226,cannonvale,-20.2833,148.7,297.81,66,0,3.77,AU,1698215592
227,iskateley,67.6803,53.1512,272.05,90,100,7.15,RU,1698215592
228,jalai nur,49.45,117.7,278.78,21,0,10.64,CN,1698215592
229,vernon,50.2581,-119.2691,278.49,81,93,1.54,CA,1698215294
230,sakaiminato,35.55,133.2333,295.14,56,40,5.14,JP,1698215593
231,lone grove,34.1754,-97.2628,294.25,96,100,2.06,US,1698215593
232,attapeu,14.8,106.8333,302.74,84,46,1.14,LA,1698215594
233,nemuro,43.3236,145.575,286.47,84,9,3.31,JP,1698215594
234,kapuskasing,49.4169,-82.4331,279.15,100,100,2.57,CA,1698215595
235,levuka,50.1834,-105.4011,266.05,86,100,2.66,CA,1698215595
236,goynuk,40.4003,30.7883,292.37,47,100,1.7,TR,1698215595
237,sattahip,12.6664,100.9007,306.47,74,20,3.6,TH,1698215595
238,beloyarskiy,63.7119,66.6722,270.37,84,100,1.79,RU,1698215596
239,okondja,-0.6549,13.6753,295.45,99,100,0.57,GA,1698215596
240,antonio enes,-16.2325,39.9086,304.47,46,0,5.24,MZ,1698215596
241,port blair,11.6667,92.75,303.17,74,75,2.06,IN,1698215597
242,hithadhoo,-0.6,73.0833,300.39,80,15,7.34,MV,1698215597
243,turabah,21.2141,41.6331,301.44,29,5,9.29,SA,1698215598
244,san antonio de pale,-1.4014,5.6325,299.01,81,100,4.44,GQ,1698215598
245,saint-pierre,-21.3393,55.4781,302.35,61,0,3.6,RE,1698215598
246,phon charoen,18.0333,103.1667,307.03,59,87,1.63,TH,1698215599
247,lorengau,-2.0226,147.2712,300.94,79,100,1.9,PG,1698215599
248,crane,31.3974,-102.3501,293.51,80,12,5.09,US,1698215599
249,colonia,50.9333,6.95,282.92,91,0,4.12,DE,1698215585
250,okhotsk,59.3833,143.3,266.2,79,10,5.1,RU,1698215600
251,colonia menno,-22.3667,-59.8167,296.11,93,34,5.4,PY,1698215600
252,dryden,49.7833,-92.7503,274.31,93,100,1.54,CA,1698215600
253,tofol,5.3248,163.0078,301.03,89,75,1.03,FM,1698215601
254,deogarh,21.5333,84.7333,304.52,46,48,1.58,IN,1698215601
255,altai,46.3722,96.2583,280.59,15,3,2.6,MN,1698215601
256,yeppoon,-23.1333,150.7333,304.03,68,0,5.26,AU,1698215602
257,cabo san lucas,22.8909,-109.9124,296.9,71,10,2.68,MX,1698215365
258,badger,64.8,-147.5333,270.08,74,75,0.0,US,1698215602
259,thohoyandou,-22.9456,30.485,293.0,71,99,4.57,ZA,1698215603
260,pasuquin,18.3328,120.6177,303.12,79,75,3.09,PH,1698215603
261,sao joao da barra,-21.6403,-41.0511,296.62,88,83,1.58,BR,1698215603
262,dunedin,-45.8742,170.5036,286.93,82,100,1.79,NZ,1698215603
263,yuma,32.7253,-114.6244,296.97,42,0,2.06,US,1698215411
264,lodja,-3.4833,23.4333,299.7,70,100,0.47,CD,1698215604
265,kalamata,37.0389,22.1142,293.77,61,100,1.03,GR,1698215604
266,konstantinovka,49.6167,127.9833,286.67,33,99,4.07,RU,1698215605
267,pisco,-13.7,-76.2167,291.49,88,20,1.54,PE,1698215605
268,issoudun,47.0,1.8333,286.98,88,100,10.29,FR,1698215605
269,utrik,11.2278,169.8474,300.89,75,45,5.07,MH,1698215606
270,severo-yeniseyskiy,60.3725,93.0408,269.03,83,100,4.47,RU,1698215606
271,sabang,5.8933,95.3214,300.54,74,96,1.2,ID,1698215606
272,cidreira,-30.1811,-50.2056,289.88,88,96,4.81,BR,1698215606
273,ataq,14.5377,46.8319,298.92,49,54,1.34,YE,1698215607
274,rongelap,11.1635,166.8941,301.65,79,15,6.92,MH,1698215607
275,yoichi,43.2039,140.7703,288.49,73,0,0.6,JP,1698215607
276,dapa,9.7594,126.0531,302.68,69,100,3.7,PH,1698215608
277,antofagasta,-23.65,-70.4,288.75,82,59,1.43,CL,1698215563
278,dudinka,69.4058,86.1778,265.19,97,100,1.79,RU,1698215465
279,byron bay,-28.65,153.6167,307.43,66,0,9.71,AU,1698215040
280,muromtsevo,56.3724,75.2418,276.96,97,100,4.64,RU,1698215609
281,shache,38.4167,77.2406,292.29,16,0,2.86,CN,1698215609
282,mwene-ditu,-7.0,23.45,297.92,74,99,0.63,CD,1698215609
283,igbeti,8.75,4.1333,297.77,82,94,2.51,NG,1698215610
284,amos,48.5669,-78.1162,281.7,99,100,1.14,CA,1698215610
285,ancud,-41.8697,-73.8203,278.52,89,2,1.69,CL,1698215610
286,tshabong,-26.05,22.45,300.15,10,0,4.05,BW,1698215610
287,ust'-ilimsk,58.0006,102.6619,271.73,70,100,4.92,RU,1698215611
288,gulu,2.7746,32.299,298.06,72,64,1.64,UG,1698215611
289,hammerfest,70.6634,23.6821,270.4,68,0,2.06,NO,1698215611
290,dengzhou,37.8086,120.7508,296.14,43,0,4.64,CN,1698215612
291,thief river falls,48.1191,-96.1812,277.11,93,100,3.09,US,1698215612
292,ilomantsi,62.6716,30.9328,266.87,85,8,1.18,FI,1698215612
293,korla,41.7597,86.1469,290.11,29,0,3.58,CN,1698215613
294,sipalay,9.75,122.5,302.31,75,100,1.41,PH,1698215613
295,livno,43.8269,17.0078,286.9,88,51,1.03,BA,1698215613
296,sur,22.5667,59.5289,305.58,39,9,1.88,OM,1698215614
297,mulayjah,27.271,48.4242,303.02,38,0,2.56,SA,1698215614
298,mariental,-24.6333,17.9667,299.43,12,0,4.23,NA,1698215614
299,nizhneangarsk,55.7833,109.55,270.93,50,93,2.24,RU,1698215615
300,nova xavantina,-14.6667,-52.35,299.94,49,100,1.28,BR,1698215615
301,port alfred,-33.5906,26.891,293.25,69,5,1.79,ZA,1698215615
302,okha,53.5739,142.9478,275.96,64,6,4.04,RU,1698215616
303,masuguru,-11.3667,38.4167,300.96,62,92,2.29,TZ,1698215616
304,katabu,-4.9333,122.5167,307.82,29,8,0.64,ID,1698215616
305,timaru,-44.4,171.25,289.3,77,100,2.24,NZ,1698215616
306,mangrol,21.1167,70.1167,305.99,37,0,0.92,IN,1698215617
307,pereira barreto,-20.6383,-51.1092,295.98,91,97,1.93,BR,1698215617
308,hirara,24.8,125.2833,301.3,69,40,7.72,JP,1698215617
309,punta arenas,-53.15,-70.9167,279.21,70,40,9.26,CL,1698215420
310,jutai,-5.1833,-68.9,297.38,88,100,0.93,BR,1698215618
311,codrington,-38.2667,141.9667,284.42,51,9,9.17,AU,1698215618
312,antsiranana,-12.2787,49.2917,303.57,54,40,3.09,MG,1698215618
313,bridgewater,44.3835,-64.5155,284.94,86,100,4.12,CA,1698215619
314,matsue,35.4722,133.0506,295.15,56,20,5.66,JP,1698215619
315,arraial do cabo,-22.9661,-42.0278,295.44,93,23,9.4,BR,1698215619
316,lerwick,60.1545,-1.1494,282.15,83,98,3.97,GB,1698215620
317,brezina,33.0989,1.2608,289.41,56,4,3.95,DZ,1698215620
318,gebeit,21.0667,36.3167,304.58,27,0,3.93,SD,1698215620
319,zheshart,62.0731,49.5733,272.32,67,11,3.67,RU,1698215620
320,sanctuary point,-35.1114,150.629,293.89,65,100,5.73,AU,1698215621
321,qamdo,31.1667,97.2333,280.21,26,20,2.22,CN,1698215621
322,zubtsov,56.1753,34.5894,271.24,71,10,2.61,RU,1698215621
323,saipan,15.1355,145.701,301.54,83,75,5.66,MP,1698215622
324,palpa,-14.5336,-75.1856,293.6,80,73,1.02,PE,1698215622
325,gadzhiyevo,69.2551,33.3362,270.72,95,97,2.28,RU,1698215623
326,bubaque,11.2833,-15.8333,301.43,77,100,4.4,GW,1698215623
327,snovsk,51.8239,31.9428,279.79,77,100,5.65,UA,1698215623
328,sete,43.4018,3.6966,286.17,64,16,1.78,FR,1698215624
329,pitimbu,-7.4706,-34.8086,295.48,78,39,2.81,BR,1698215624
330,ciudad lazaro cardenas,17.9583,-102.2,298.35,86,100,1.41,MX,1698215624
331,kruisfontein,-34.0033,24.7314,291.64,50,7,1.35,ZA,1698215625
332,kuanda,56.3161,116.0806,272.21,42,95,4.66,RU,1698215625
333,tynda,55.1667,124.7167,273.04,85,100,1.51,RU,1698215625
334,tortoli,39.9256,9.6572,292.05,77,75,9.26,IT,1698215626
335,bambang,16.3833,121.1,301.74,83,76,1.18,PH,1698215626
336,manokwari,-0.8667,134.0833,301.44,77,92,2.9,ID,1698215626
337,recani,31.2846,-4.2688,291.57,27,0,1.32,MA,1698215627
338,kaa-khem,51.6833,94.7333,276.71,29,93,0.76,RU,1698215627
339,malango,-2.9627,119.9001,300.73,60,83,2.37,ID,1698215627
340,francistown,-21.17,27.5079,303.7,20,0,5.91,BW,1698215628
341,qulsary,46.9531,54.0198,282.79,56,86,9.29,KZ,1698215628
342,sisimiut,66.9395,-53.6735,269.49,70,94,5.37,GL,1698215336
343,pechora,65.1472,57.2244,267.51,90,100,3.13,RU,1698215629
344,novospasskoye,53.1468,47.7514,274.0,57,15,4.74,RU,1698215629
345,al qubbah,32.7616,22.2424,294.29,42,100,0.83,LY,1698215629
346,las palmas de gran canaria,28.0997,-15.4134,294.22,64,40,5.14,ES,1698215629
347,guiuan,11.0333,125.7247,302.29,75,74,4.57,PH,1698215630
348,tralee,52.2704,-9.7026,278.29,100,0,1.03,IE,1698215630
349,nema,57.5067,50.5011,270.38,88,58,3.72,RU,1698215630
350,uray,60.1247,64.7758,270.86,73,4,1.79,RU,1698215547
351,basoko,1.2391,23.616,298.56,74,68,0.48,CD,1698215631
352,essaouira,31.5125,-9.77,289.87,82,75,4.12,MA,1698215631
353,seme,15.1942,-12.9448,303.77,34,74,3.24,SN,1698215632
354,nar'yan-mar,67.6713,53.087,272.1,90,100,7.15,RU,1698215597
355,port douglas,-16.4833,145.4667,298.44,68,2,3.28,AU,1698215508
356,ola,59.5833,151.2833,272.71,81,16,4.23,RU,1698215633
357,dhamar,14.5427,44.4051,291.54,48,23,1.42,YE,1698215633
358,los frentones,-26.4077,-61.4137,293.43,78,97,3.07,AR,1698215634
359,almus,40.3758,36.9044,283.31,44,4,2.48,TR,1698215634
360,inhambane,-23.865,35.3833,297.29,85,100,8.69,MZ,1698215635
361,abashiri,44.0213,144.2697,292.31,55,20,2.06,JP,1698215635
362,illizi,26.4833,8.4667,295.04,16,88,2.03,DZ,1698215635
363,pingliang,35.5392,106.6861,292.46,20,100,2.51,CN,1698215635
364,alofi,-19.0595,-169.9187,296.09,64,100,5.66,NU,1698215636
365,poronaysk,49.2167,143.1167,280.2,78,100,3.3,RU,1698215636
366,nadym,65.5333,72.5167,270.2,89,96,2.15,RU,1698215636
367,susuman,62.7833,148.1667,259.81,92,92,0.89,RU,1698215636
368,santana,-0.0583,-51.1817,299.25,89,20,2.57,BR,1698215637
369,clorinda,-25.2848,-57.7185,295.24,90,98,3.58,AR,1698215637
370,ribeira brava,32.65,-17.0667,295.21,80,51,1.22,PT,1698215637
371,paracuru,-3.41,-39.0306,299.88,84,32,3.63,BR,1698215485
372,atar,20.5169,-13.0499,298.94,36,5,5.45,MR,1698215638
373,melfort,52.8667,-104.6177,265.22,73,41,3.09,CA,1698215639
374,obock,12.25,43.0833,301.19,51,10,10.21,DJ,1698215639
375,skhira,34.2992,10.07,294.97,77,100,5.25,TN,1698215639
376,long beach,33.767,-118.1892,293.08,88,100,1.54,US,1698215284
377,urangan,-25.3,152.9,296.25,77,0,5.67,AU,1698215581
378,cowansville,45.2001,-72.7491,285.79,92,100,1.03,CA,1698215640
379,ressano garcia,-25.442,31.9913,299.4,45,2,5.04,MZ,1698215640
380,glendive,47.1053,-104.7125,271.94,93,100,5.66,US,1698215641
381,ta`u,-14.2336,-169.5144,299.7,75,46,10.06,AS,1698215641
382,westport,41.1415,-73.3579,286.9,85,0,2.06,US,1698215407
383,saudarkrokur,65.7461,-19.6394,274.36,80,100,1.34,IS,1698215641
384,florencia,43.7667,11.25,290.79,91,40,2.57,IT,1698215642
385,boa esperanca,-21.09,-45.5658,294.14,80,100,2.45,BR,1698215642
386,barrancas,10.9576,-72.7877,296.87,97,49,0.63,CO,1698215643
387,bengkulu,-3.8004,102.2655,300.66,77,100,4.48,ID,1698215643
388,sarangani,5.4033,125.4636,302.66,73,9,6.43,PH,1698215643
389,algeciras,36.1333,-5.4505,290.97,82,75,6.17,ES,1698215644
390,holualoa,19.6228,-155.9522,298.06,82,75,3.09,US,1698215644
391,rio grande,-32.035,-52.0986,287.26,90,69,5.37,BR,1698215644
392,yeed,4.55,43.0333,303.04,55,33,4.88,SO,1698215645
393,fomboni,-12.28,43.7425,299.81,83,100,7.43,KM,1698215646
394,egilsstadir,65.2653,-14.3948,268.1,93,0,2.06,IS,1698215646
395,san julian,21.0167,-102.1667,286.73,76,98,1.34,MX,1698215646
396,acapulco de juarez,16.8634,-99.8901,297.53,92,100,14.44,MX,1698215647
397,kilju,40.9642,129.3278,291.13,49,8,2.58,KP,1698215647
398,dongtai,32.8523,120.3095,299.43,37,100,0.14,CN,1698215647
399,pacific grove,36.6177,-121.9166,287.27,86,100,4.12,US,1698215446
400,tangalle,6.024,80.7911,303.24,69,53,2.95,LK,1698215648
401,bikenibeu village,1.3673,173.1241,302.13,84,75,3.09,KI,1698215648
402,tadine,-21.55,167.8833,294.56,91,100,8.18,NC,1698215649
403,usinsk,65.9939,57.5281,262.08,94,18,4.47,RU,1698215649
404,camaqua,-30.8511,-51.8122,286.16,97,43,2.09,BR,1698215649
405,mananjary,-21.2167,48.3333,302.19,64,0,1.62,MG,1698215649
406,vetluga,57.8557,45.781,273.01,75,36,3.43,RU,1698215650
407,khekra,28.8667,77.2833,300.18,23,0,2.87,IN,1698215650
408,yakeshi,49.2833,120.7333,279.58,21,1,9.53,CN,1698215650
409,port alberni,49.2413,-124.8028,279.06,94,100,0.89,CA,1698215651
410,new norfolk,-42.7826,147.0587,282.55,72,54,4.33,AU,1698215651
411,eureka,40.8021,-124.1637,284.68,92,100,0.45,US,1698215651
412,hauterive,46.0901,3.4459,287.03,76,41,6.39,FR,1698215652
413,patos,-7.0244,-37.28,296.06,73,100,2.19,BR,1698215644
414,vilyuchinsk,52.9306,158.4028,279.22,76,100,1.7,RU,1698215652
415,tagiura,32.8817,13.3506,301.77,36,100,1.25,LY,1698215653
416,bani mazar,28.5036,30.8004,299.77,48,0,6.32,EG,1698215653
417,urucara,-2.5364,-57.76,298.46,76,5,0.9,BR,1698215653
418,tacuarembo,-31.7333,-55.9833,282.47,96,8,2.69,UY,1698215654
419,namibe,-15.1961,12.1522,292.27,78,52,1.76,AO,1698215354
420,mopti,14.6667,-4.0,300.84,16,15,2.83,ML,1698215654
421,banda aceh,5.5577,95.3222,302.18,69,98,2.69,ID,1698215655
422,krasnogvardeyskoye,45.8456,41.5186,288.07,54,37,3.23,RU,1698215655
423,port augusta,-32.5,137.7667,289.03,36,9,11.8,AU,1698215655
424,saint-philippe,-21.3585,55.7679,301.92,78,33,3.31,RE,1698215656
425,roosevelt,33.9668,-103.4505,289.27,82,99,2.78,US,1698215656
426,micheweni,-4.9667,39.8333,302.2,67,40,0.23,TZ,1698215657
427,kosonsoy,41.2561,71.5508,289.46,16,21,1.55,UZ,1698215657
428,neufchateau,48.35,5.7,283.45,93,100,7.57,FR,1698215658
429,puerto penasco,31.3167,-113.5333,298.1,61,0,3.7,MX,1698215549
430,leirvik,59.7798,5.5005,282.94,53,0,4.63,NO,1698215658
431,chandler,33.3062,-111.8412,295.01,49,40,2.06,US,1698215227
432,emmeloord,52.7108,5.7486,282.59,97,24,0.89,NL,1698215659
433,mugia,43.1041,-9.2179,290.88,84,100,8.97,ES,1698215659
434,nagqu,31.5,92.0,275.83,38,100,6.51,CN,1698215660
435,axim,4.8699,-2.2405,299.17,87,100,3.39,GH,1698215660
436,kailua-kona,19.6406,-155.9956,300.13,85,75,3.09,US,1698215660
437,bardai,11.65,7.2333,296.17,25,73,3.01,NG,1698215660
438,palekh,56.8028,41.8572,271.97,80,9,2.99,RU,1698215661
439,shitanjing,39.2342,106.3439,288.63,21,15,5.09,CN,1698215661
440,swakopmund,-22.6833,14.5333,287.58,88,0,2.24,NA,1698215661
441,machico,32.7,-16.7667,295.21,82,40,0.51,PT,1698215662
442,mengellang,7.6957,134.6305,303.1,73,81,3.93,PW,1698215662
443,indianola,41.3581,-93.5574,290.07,86,100,0.89,US,1698215445
444,juneau,58.3019,-134.4197,274.94,89,20,1.54,US,1698215495
445,ponta delgada,37.7333,-25.6667,294.55,94,40,8.75,PT,1698215663
446,nuuk,64.1835,-51.7216,271.49,69,100,0.51,GL,1698215663
447,cockburn town,21.4612,-71.1419,301.02,73,52,10.28,TC,1698215482
448,gloucester,51.8657,-2.2431,282.7,93,100,3.86,GB,1698215596
449,matamey,13.4231,8.4749,299.78,13,100,3.42,NE,1698215664
450,ormara,25.2088,64.6357,300.75,70,0,4.79,PK,1698215664
451,port saint john's,-31.6229,29.5448,293.61,53,0,3.51,ZA,1698215665
452,st. john's,47.5649,-52.7093,278.79,89,40,8.23,CA,1698215493
453,tamiahua,21.2667,-97.45,298.45,93,44,3.69,MX,1698215665
454,gillette,44.2911,-105.5022,280.66,90,100,3.6,US,1698215666
455,portland,45.5234,-122.6762,283.14,94,100,6.17,US,1698215284
456,bac lieu,9.285,105.7244,303.4,67,53,3.47,VN,1698215666
457,fort st. john,56.2499,-120.8529,262.09,73,0,3.09,CA,1698215666
458,papao,-17.75,-149.55,298.97,78,27,6.12,PF,1698215667
459,izberbash,42.5696,47.8645,289.18,73,100,3.16,RU,1698215599
460,poxoreo,-15.8372,-54.3892,297.79,75,23,0.93,BR,1698215667
461,karratha,-20.7377,116.8463,308.6,26,0,5.71,AU,1698215493
462,finote selam,10.7,37.2667,292.94,80,50,0.85,ET,1698215668
463,tual,-5.6667,132.75,300.57,74,61,4.14,ID,1698215668
464,kharan,28.5833,65.4167,302.73,14,0,2.05,PK,1698215668
465,la foa,-21.7108,165.8276,296.13,83,100,2.9,NC,1698215669
466,aflou,34.1128,2.1023,283.86,77,27,2.73,DZ,1698215669
467,tazovsky,67.4667,78.7,267.15,91,17,1.96,RU,1698215541
468,gonabad,34.3529,58.6837,298.62,16,88,1.22,IR,1698215670
469,el calafate,-50.3408,-72.2768,277.76,74,25,1.66,AR,1698215670
470,mogadishu,2.0371,45.3438,302.08,84,75,2.57,SO,1698215670
471,kottagudem,17.55,80.6333,303.36,50,6,1.96,IN,1698215671
472,borovskoy,53.8,64.15,280.4,92,100,7.93,KZ,1698215671
473,arkhangel'sk,64.5401,40.5433,274.89,74,72,1.47,RU,1698215671
474,necochea,-38.5473,-58.7368,280.01,86,0,0.63,AR,1698215671
475,selfoss,63.9331,-20.9971,279.29,82,100,4.03,IS,1698215672
476,loralai,30.3705,68.598,296.03,23,0,2.84,PK,1698215672
477,aykhal,66.0,111.5,264.9,90,97,8.25,RU,1698215672
478,labrador city,52.9463,-66.9114,275.1,93,100,3.6,CA,1698215410
479,tucuma,-0.1833,-50.05,298.29,82,6,3.14,BR,1698215446
480,island harbour,50.724,-1.2758,284.78,94,100,3.13,GB,1698215673
481,mata-utu,-13.2816,-176.1745,300.67,80,32,10.34,WF,1698215674
482,san jose del cabo,23.0589,-109.6977,296.89,76,0,3.6,MX,1698215674
483,touros,-5.1989,-35.4608,296.83,81,16,4.03,BR,1698215674
484,tawau,4.2498,117.8871,306.22,62,9,4.02,MY,1698215675
485,sydney,-33.8679,151.2073,296.98,68,75,6.17,AU,1698214906
486,cukai,4.25,103.4167,305.12,64,56,2.13,MY,1698215676
487,petrosino,37.7077,12.4999,295.08,73,100,6.4,IT,1698215676
488,greymouth,-42.4667,171.2,285.1,94,65,1.03,NZ,1698215677
489,gamba,-2.65,10.0,297.46,91,100,1.21,GA,1698215677
490,ochakiv,46.6128,31.5498,288.94,74,100,8.6,UA,1698215677
491,regina,50.4501,-104.6178,266.21,82,75,3.6,CA,1698215469
492,masterton,-40.9597,175.6575,286.42,87,100,2.08,NZ,1698215678
493,bel ombre,-4.6167,55.4167,303.06,74,20,6.17,SC,1698215678
494,bayji,34.9311,43.487,298.82,44,0,3.65,IQ,1698215679
495,slave lake,55.2834,-114.769,266.14,73,100,5.66,CA,1698215679
496,zaozersk,69.4005,32.4476,269.67,97,80,1.56,RU,1698215679
497,bayanhongor,46.7167,100.1167,278.04,18,13,2.03,MN,1698215681
498,sosnovskoye,55.8052,43.167,272.52,71,9,3.36,RU,1698215681
499,pangkalpinang,-2.1333,106.1333,305.23,53,21,3.91,ID,1698215681
500,naantali,60.4674,22.0243,273.38,87,100,3.6,FI,1698215682
501,saint-julien-les-villas,48.2667,4.1,285.13,94,100,6.69,FR,1698215682
502,nica,43.7031,7.2661,290.05,72,0,4.63,FR,1698215600
503,gorom-gorom,14.4439,-0.2361,301.04,21,33,2.82,BF,1698215683
504,lata,40.1629,-8.3327,289.22,98,100,1.85,PT,1698215683
505,orange,33.7,-117.7675,292.93,85,100,2.57,US,1698215683
506,villemur-sur-tarn,43.8671,1.5028,287.46,68,100,2.07,FR,1698215684
507,hovd,48.0056,91.6419,282.9,17,16,1.73,MN,1698215684
508,jayapura,-2.5333,140.7,304.81,79,88,2.77,ID,1698215684
509,treasure island,27.7692,-82.769,295.38,74,29,1.79,US,1698215685
510,sao vicente,-23.9631,-46.3919,299.41,26,100,1.83,BR,1698215454
511,williams lake,52.1415,-122.1445,268.74,51,0,4.12,CA,1698215685
512,hami,42.8,93.45,291.14,26,0,0.67,CN,1698215686
513,markaz-e woluswali-ye achin,34.1258,70.7078,299.65,30,0,1.41,AF,1698215686
514,viana do castelo,41.6932,-8.8329,290.45,91,100,4.6,PT,1698215686
515,san luis de la loma,17.2706,-100.8939,298.91,85,100,3.3,MX,1698215687
516,mandalgovi,45.7625,106.2708,283.25,17,16,4.01,MN,1698215687
517,dera bugti,29.0307,69.151,303.69,23,0,2.16,PK,1698215687
518,hasaki,35.7333,140.8333,296.09,68,100,4.59,JP,1698215687
519,copala,16.65,-98.9833,298.49,90,100,8.15,MX,1698215688
520,butembo,0.15,29.2833,293.33,80,68,0.81,CD,1698215688
521,cidade velha,14.9167,-23.6167,299.41,78,40,6.17,CV,1698215688
522,imbituba,-28.24,-48.6703,290.9,91,100,5.14,BR,1698215689
523,abu zabad,12.35,29.25,305.48,31,6,1.63,SD,1698215689
524,mitu,1.1983,-70.1733,295.76,99,100,0.77,CO,1698215689
525,barranca,-10.75,-77.7667,291.61,92,100,3.28,PE,1698215689
526,lobito,-12.3481,13.5456,298.31,75,98,1.94,AO,1698215690
527,al matlin,37.2452,10.05,292.92,77,83,6.27,TN,1698215690
528,brigantine,39.4101,-74.3646,288.16,92,0,3.6,US,1698215691
529,minas de marcona,-15.2119,-75.1103,286.42,93,100,5.56,PE,1698215691
530,road town,18.4167,-64.6167,301.64,75,6,4.01,VG,1698215691
531,al faw,29.9776,48.4741,300.15,38,100,5.47,IQ,1698215692
532,tisul',55.7611,88.3122,277.06,80,100,10.29,RU,1698215692
533,hudiksvall,61.729,17.1036,276.11,71,100,3.3,SE,1698215692
534,kushiro,42.975,144.3747,286.68,88,20,5.14,JP,1698215693
535,bestobe,52.4994,73.0975,282.53,41,100,10.13,KZ,1698215693
536,amga,60.8953,131.9608,269.61,88,99,1.86,RU,1698215693
537,le port,-20.9373,55.2919,302.53,84,0,4.63,RE,1698215694
538,bonthe,7.5264,-12.505,296.74,95,100,2.27,SL,1698215694
539,alaghsas,17.0187,8.0168,296.09,16,58,4.63,NE,1698215694
540,winburg,-28.518,27.0093,294.3,17,0,2.61,ZA,1698215695
541,iringal,11.5593,75.611,303.71,60,2,2.86,IN,1698215695
542,aldan,58.6031,125.3894,271.74,97,100,3.14,RU,1698215695
543,waddan,29.1614,16.139,300.52,25,18,1.98,LY,1698215696
544,radom,51.4025,21.1471,286.33,97,100,3.13,PL,1698215564
545,pirane,-25.7324,-59.1088,294.09,85,84,3.5,AR,1698215696
546,paita,-5.0892,-81.1144,293.12,86,68,4.17,PE,1698215697
547,ghadamis,30.1337,9.5007,301.51,17,100,3.49,LY,1698215697
548,saskatoon,52.1168,-106.6345,264.35,89,0,3.09,CA,1698215153
549,sferracavallo,42.726,12.0956,291.35,96,89,6.96,IT,1698215698
550,angel r. cabada,18.5833,-95.4333,298.07,92,100,1.35,MX,1698215698
551,lhokseumawe,5.1801,97.1507,301.57,72,83,3.12,ID,1698215698
552,chingola,-12.529,27.8838,302.5,25,100,4.13,ZM,1698215699
553,rasht,37.2808,49.5832,294.05,64,75,2.06,IR,1698215699
